Metric,Value
RMSE,82.55926165229859
MAE,76.21060198528903
R-squared,0.8295992078856824
