Actual Sales,Predicted Sales
1200,1092.0407629320407
800,844.4619669026188
